INSERT INTO `category` (`id`, `name`) VALUES (1, 'Core Java'),(2, 'Spring Framework'),(3, 'Hadoop'),(4, 'Javascript');
INSERT INTO `category` (`id`, `name`) VALUES (5, 'Hibernate'),(6, 'Servlets and JSP'),(7, 'Java Interview Questions'),(8, 'Struts 2'),(9, 'Android');

-- --------------------------------------------------------

-- Dumping data for table `tutorials`
--

INSERT INTO `tutorials` (`id`, `dateCreated`, `description`, `image`, `title`, `categoryId`, `numberOfViewers`, `displayOrder`, `isActive`, `slug`) VALUES(1, '2015-12-21 22:46:19', 'This course provides an introduction to Java Servlet technology. You will learn how to develop Java web applications using Servlets. you will also understand the life cycle of Servlets, how they work and how to configure them.', 'image.jpg', 'Hello wrold in Java', 1, 1, 1, b'1', 'Hello-world-in-java'),(2, '2015-12-21 22:46:19', 'This course provides an introduction to Java Servlet technology. You will learn how to develop Java web applications using Servlets. you will also understand the life cycle of Servlets, how they work and how to configure them.', 'image.jpg', 'Hello wrold in Java1', 1, 1, 1, b'0', 'Hello-world-in-java1'),(3, '2015-12-21 22:46:19', 'This course provides an introduction to Java Servlet technology. You will learn how to develop Java web applications using Servlets. you will also understand the life cycle of Servlets, how they work and how to configure them.', 'image.jpg', 'Hello wrold in Java', 1, 1, 1, b'0', 'Hello-world-in-java2'),(5, '2015-12-21 23:36:35', 'This course introduces you the APIs, implement it using Jersey and run it on Tomcat.', 'image.jpg', 'Developing REST APIs with JAX-RS', 1, 1, 1, b'0', 'Developing-REST-APIs-with-JAX-RS2'),(6, '2015-12-22 00:07:22', 'This course introduces you the APIs, implement it using Jersey and run it on Tomcat.', 'image.jpg', 'Learning Spring Core', 2, 1, 1, b'0', 'Developing-REST-APIs-with-JAX-RS'),(7, '2015-12-22 00:08:22', 'This course introduces you the APIs, implement it using Jersey and run it on Tomcat.', 'image.jpg', 'Learning Spring Core', 2, 1, 1, b'0', 'Developing-REST-APIs-with-JAX-RS1'),(8, '2015-12-22 12:42:01', 'This course introduces you the APIs, implement it using  --Not Its Javascript', 'image.jpg', 'JavaScript Fundamentals', 4, 1, 1, b'0', 'sudarshan'),(9, '2015-12-22 14:02:37', 'This course introduces you the APIs, implement it using  --Not Its Javascript', 'image.jpg', 'JavaScript Fundamentals', 4, 1, 1, b'0', 'test-now'),(10, '2015-12-22 14:03:38', 'This course provides an introduction to Java Servlet technology. You will learn how to develop Java web applications using Servlets. you will also understand the life cycle of Servlets, how they work and how to configure them.', 'image.jpg', 'JavaScript Fundamentals Angular', 4, 1, 1, b'0', 'JavaScript-Fundamentals-Angular'),(11, '2015-12-22 14:50:22', 'This course introduces you the APIs, implement it using  -- NotThis course provides an introduction to Java Servlet technology. You will learn how to develop Java web applications using Servlets. you will also understand the life cycle of Servlets, how they work and how to configure them. Its Javascript This course introduces you the APIs, implement it using  --Not Its Javascript  This course provides an introduction to Java Servlet technology. You will learn how to develop Java web applications using Servlets. you will also understand the life cycle of Servlets, how they work and how to configure them.', 'image.jpg', 'Angular JavaScript Fundamentals Angular2 ', 5, 1, 1, b'0', 'Angular-JavaScript-Fundamentals-Angular2-'),(13, '2015-12-23 15:02:01', 'The basic building block for user interface is a View object which is created from the View class and occupies a rectangular area on the screen and is responsible for drawing and event handling. View is the base class for widgets, which are used to create interactive UI components like buttons, text fields, etc.', 'image.jpg', 'Android User Interface ', 9, 1, 1, b'0', 'Android-User-Interface-1'),(24, '2015-12-24 13:05:33', 'This course introduces you the APIs, implement it using  --Not Its JavascriptThis course introduces you the APIs, implement it using  --Not Its Javascript This course introduces you the APIs, implement it using  --Not Its Javascript This course introduces you the APIs, implement it using  --Not Its Javascript', 'image.jpg', 'RESTful URI types', 2, 1, 1, b'0', 'RESTful-URI-types0'),(25, '2015-12-24 13:06:34', 'This course introduces you the APIs, implement it using  --Not Its JavascriptThis course introduces you the APIs, implement it using  --Not Its Javascript This course introduces you the APIs, implement it using  --Not Its Javascript This course introduces you the APIs, implement it using  --Not Its Javascript', 'image.jpg', 'Inversion Of Control (IOC) and Dependency Injection', 2, 1, 1, b'0', 'Inversion-Of-Control-(IOC)-and-Dependency-Injection0'),(26, '2015-12-24 13:14:30', 'This course introduces you the APIs, implement it using  --Not Its JavascriptThis course introduces you the APIs, implement it using  --Not Its Javascript This course introduces you the APIs, implement it using  --Not Its Javascript This course introduces you the APIs, implement it using  --Not Its Javascript', 'image.jpg', 'Hello wrold in struts', 8, 1, 1, b'0', 'Hello-wrold-in-struts205');

-- --------------------------------------------------------
--
-- Dumping data for table `tutorialscontent`
--

INSERT INTO `tutorialscontent` (`id`, `dateCreated`, `description`, `displayOrder`, `image`, `isActive`, `numberOfViewers`, `slug`, `title`, `tutorials`) VALUES(14, '2015-12-08 00:00:00', 'This course introduces you the APIs, implement it using  --Not Its JavascriptThis course introduces you the APIs, implement it using  --Not Its Javascript This course introduces you the APIs, implement it using  --Not Its Javascript This course introduces you the APIs, implement it using  --Not Its Javascript', 1, 'image.jpg', b'0', 1, '', 'What is spring framework ', 2),(15, '2015-12-10 00:00:00', 'This course introduces you the APIs, implement it using  --Not Its JavascriptThis course introduces you the APIs, implement it using  --Not Its Javascript This course introduces you the APIs, implement it using  --Not Its Javascript This course introduces you the APIs, implement it using  --Not Its Javascript', 1, 'image.jpg', b'0', 1, '', 'Spring Modules', 2),(18, '2015-12-18 00:00:00', 'This course introduces you the APIs, implement it using  --Not Its JavascriptThis course introduces you the APIs, implement it using  --Not Its Javascript This course introduces you the APIs, implement it using  --Not Its Javascript This course introduces you the APIs, implement it using  --Not Its Javascript', 1, 'image.jpg', b'0', 1, '', 'Spring Modules67', 2),(21, '2015-12-02 00:00:00', 'This course introduces you the APIs, implement it using  --Not Its JavascriptThis course introduces you the APIs, implement it using  --Not Its Javascript This course introduces you the APIs, implement it using  --Not Its Javascript This course introduces you the APIs, implement it using  --Not Its Javascript', 1, 'image.jpg', b'0', 1, '', 'Where JavaScript', 8),(22, '2015-12-30 00:00:00', 'This course introduces you the APIs, implement it using  --Not Its JavascriptThis course introduces you the APIs, implement it using  --Not Its Javascript This course introduces you the APIs, implement it using  --Not Its Javascript This course introduces you the APIs, implement it using  --Not Its Javascript', 1, 'image.jpg', b'0', 1, '', 'Document Object Model', 8),(23, '2015-12-01 00:00:00', 'This course introduces you the APIs, implement it using  --Not Its JavascriptThis course introduces you the APIs, implement it using  --Not Its Javascript This course introduces you the APIs, implement it using  --Not Its Javascript This course introduces you the APIs, implement it using  --Not Its Javascript', 1, 'image.jpg', b'0', 1, '', 'Angualr Hello world Object Model', 8),(27, '2015-12-28 13:31:58', 'This course introduces you the APIs, implement it using  --Not Its JavascriptThis course introduces you the APIs, implement it using  --Not Its Javascript This course introduces you the APIs, implement it using  --Not Its Javascript This course introduces you the APIs, implement it using  --Not Its Javascript', 1, 'image.jpg', b'0', 1, 'What-is-Dom421', 'What is Dom', 8);

-- --------------------------------------------------------

INSERT INTO `user` (`id`, `email`, `firstName`, `image`, `lastName`, `password`, `phoneNumber`, `role`) VALUES (0, 'admin@gmail.com', 'Samul', 'samul.jpg', 'Neupane', 'admin', '6414514622', 'ROLE_ADMIN'),(1, 'sn@gmail.com', 'Sudarshan', 'samul.jpg', 'Neupane', 'admin', '6414514622', 'ROLE_USER'),(2, 'yogen.rai.992@gmail.com', 'Yogen', NULL, 'Rai', 'yogen', '6419808605', 'ROLE_WRITER');

--
-- Constraints for dumped tables
INSERT INTO `writer_category` (`writer_id`, `category_id`) VALUES (2, 1),(2, 2),(2, 4);

ALTER TABLE `writer_category`
 ADD KEY `FK4o1wr2xsd64svpcbpi6si58qg` (`category_id`), ADD KEY `FKo9hq9hfk2bc9bn8ojbpq9vmmr` (`writer_id`);

--
-- Constraints for dumped tables
--

--
-- Constraints for table `writer_category`
--
ALTER TABLE `writer_category`
ADD CONSTRAINT `FK4o1wr2xsd64svpcbpi6si58qg` FOREIGN KEY (`category_id`) REFERENCES `category` (`id`);
ADD CONSTRAINT `FKo9hq9hfk2bc9bn8ojbpq9vmmr` FOREIGN KEY (`writer_id`) REFERENCES `user` (`id`);

